CRUISE,STATION_ID,CAST,LAT,LON,DATE_TIME,TARGET_DEPTH,BOTTLE,CELLS_L,TEMP,SAL,PRESSURE
HLY1801,DBO2-3,001,64.6705,-168.2342,2018-08-08 09:24,Surface,14,4,10.07,31.89,1.3
HLY1801,DBO2-5,003,64.9912,-169.146,2018-08-08 21:36,Surface,16,0,11.44,31.17,4.0
HLY1801,DBO2-4,004,64.9598,-169.899,2018-08-09 00:35,Surface,16,0,11.14,31.32,2.6
HLY1801,DBO2-1,005,64.6718,-169.9258,2018-08-09 03:29,Surface,18,0,11.25,31.53,2.8
HLY1801,DBO2-2,006,64.68,-169.1002,2018-08-09 06:52,Surface,16,0,11.70,31.38,2.6
HLY1801,T-1,007,66.417,-168.6775,2018-08-09 15:48,Surface,18,54,11.39,28.12,3.8
HLY1801,T-2,008,67.1642,-168.6635,2018-08-09 21:06,Surface,16,28,10.94,29.16,3.1
HLY1801,DBO3-1,009,68.3012,-166.9308,2018-08-10 04:33,Surface,12,51,11.02,29.32,2.8
HLY1801,DBO3-2,010,68.2462,-167.1255,2018-08-10 06:27,Surface,14,35,10.69,29.65,2.7
HLY1801,DBO3-3,011,68.1902,-167.3027,2018-08-10 08:10,Surface,16,165,10.47,29.20,3.0
HLY1801,DBO3-4,012,68.1357,-167.4915,2018-08-10 10:29,Surface,14,76,9.89,30.16,2.6
HLY1801,DBO3-5,013,68.0153,-167.8798,2018-08-10 13:54,Surface,16,29,8.09,31.88,2.8
HLY1801,DBO3-6,014,67.8968,-168.248,2018-08-10 18:04,Surface,18,382,6.84,32.83,3.0
HLY1801,DBO3-7,015,67.7853,-168.601,2018-08-11 01:12,Surface,18,260,6.44,32.79,2.6
HLY1801,DBO3-8,016,67.677,-168.9568,2018-08-11 05:04,Surface,18,107,9.49,31.35,3.1
HLY1801,C-11,017,70.0162,-166.855,2018-08-11 22:03,Surface,16,931,7.07,31.34,4.9
HLY1801,C-10,018,70.2197,-167.7935,2018-08-12 04:14,Surface,16,336,8.85,31.26,3.1
HLY1801,IC-1,019,71.8302,-165.9698,2018-08-12 13:22,Surface,16,144,6.22,30.66,2.5
HLY1801,C-3,020,71.8297,-166.0737,2018-08-12 17:54,Surface,18,154,6.30,30.57,2.8
HLY1801,IC-2,022,71.7052,-165.6028,2018-08-12 22:17,Surface,14,7,6.31,30.45,2.9
HLY1801,IC-3,024,71.6005,-165.3038,2018-08-13 01:00,Surface,16,3,4.80,29.54,2.9
HLY1801,IC-4,026,71.4485,-164.919,2018-08-13 04:20,Surface,16,2,4.04,28.95,3.0
HLY1801,IC-5,028,71.3367,-164.6127,2018-08-13 07:37,Surface,14,5,4.04,29.29,3.0
HLY1801,IC-6,030,71.195,-164.2018,2018-08-13 10:42,Surface,14,2,4.99,30.20,3.2
HLY1801,IC-7,032,71.0847,-163.8018,2018-08-13 13:19,Surface,16,10,5.93,30.58,2.7
HLY1801,C-2,033,71.2327,-164.2207,2018-08-13 17:51,Surface,22,4,4.80,30.26,2.8
HLY1801,IC-8,035,70.9725,-163.5642,2018-08-14 03:10,Surface,14,12,6.18,30.72,3.9
HLY1801,IC-9,037,70.849,-163.1872,2018-08-14 06:10,Surface,14,871,7.86,30.96,4.2
HLY1801,IC-9.5,038,70.7882,-163.0097,2018-08-14 07:50,Surface,14,558,7.72,30.92,3.9
HLY1801,IC-10,039,70.7172,-162.8565,2018-08-14 08:53,Surface,16,1828,8.22,31.00,3.7
HLY1801,IC-10.5,040,70.653,-162.6662,2018-08-14 10:42,Surface,14,151,6.69,30.52,3.8
HLY1801,IC-11,041,70.58,-162.4912,2018-08-14 11:54,Surface,16,530,7.38,30.87,3.0
HLY1801,C-4,043,71.0483,-160.4822,2018-08-15 07:16,Surface,22,7,3.53,29.80,2.9
HLY1801,DBO4-1N,044,71.09,-161.1928,2018-08-15 09:39,Surface,18,2,2.20,29.13,3.3
HLY1801,DBO4-2N,045,71.2238,-161.2893,2018-08-15 12:17,Surface,18,1,2.48,29.41,4.0
HLY1801,DBO4-3N,046,71.3507,-161.3958,2018-08-15 15:56,Surface,18,0,2.02,29.21,4.1
HLY1801,DBO4-4N,047,71.4805,-161.5048,2018-08-15 18:41,Surface,18,0,1.61,28.82,3.4
HLY1801,DBO4-5N,049,71.6103,-161.6152,2018-08-15 22:15,Surface,18,0,0.51,28.36,3.4
HLY1801,DBO4-6N,050,71.7755,-161.5865,2018-08-16 02:20,Surface,16,1,0.22,28.77,2.8
HLY1801,DBO5-1,058,71.2468,-157.135,2018-08-17 01:05,Surface,14,9,3.93,29.10,2.5
HLY1801,DBO5-2,059,71.2888,-157.2213,2018-08-17 02:55,Surface,16,30,4.46,29.29,3.6
HLY1801,DBO5-3,060,71.3262,-157.3067,2018-08-17 04:45,Surface,20,54,5.51,30.07,4.0
HLY1801,DBO5-4,061,71.3727,-157.3803,2018-08-17 06:36,Surface,20,17,5.04,30.59,3.1
HLY1801,DBO5-5,062,71.4095,-157.4497,2018-08-17 08:29,Surface,22,8,6.22,30.91,4.9
HLY1801,DBO5-6,063,71.4543,-157.5532,2018-08-17 10:29,Surface,22,4,4.21,30.36,3.4
HLY1801,DBO5-7,064,71.4953,-157.6265,2018-08-17 12:15,Surface,20,24,4.62,30.55,3.4
HLY1801,DBO5-8,065,71.5358,-157.7107,2018-08-17 13:48,Surface,18,11,4.76,30.44,2.9
HLY1801,DBO5-9,066,71.5835,-157.8175,2018-08-17 15:27,Surface,18,41,4.81,30.35,3.5
HLY1801,DBO5-10,067,71.6262,-157.9005,2018-08-17 17:42,Surface,18,11,2.65,29.33,3.3
HLY1801,OS4-2,071,71.95,-153.3597,2018-08-18 10:06,Surface,24,4,-0.93,26.28,2.2
HLY1801,OS3-4,079,71.496,-154.4728,2018-08-18 22:07,Surface,12,29,2.68,28.17,3.1
HLY1801,OS3-15,090,72.2347,-154.6282,2018-08-19 15:45,Surface,10,12,1.80,28.21,2.3
HLY1801,OS2-6,102,72.1093,-155.54,2018-08-20 09:29,Surface,10,2,1.12,27.53,2.6
HLY1801,OS1-12,117,72.6198,-156.6018,2018-08-21 03:35,Surface,12,0,-0.80,26.02,2.7
HLY1801,LB-13,134,70.2598,-168.5445,2018-08-22 19:31,Surface,10,5523,7.57,31.31,4.4
HLY1801,LB-13,134,70.2598,-168.5445,2018-08-22 19:31,10m,8,5110,7.56,31.31,10.5
HLY1801,LB-13,134,70.2598,-168.5445,2018-08-22 19:31,30m,4,3888,2.84,31.91,30.2
HLY1801,LB-12,135,70.1648,-168.1307,2018-08-22 21:52,Surface,12,1463,8.21,31.24,4.2
HLY1801,LB-12,135,70.1648,-168.1307,2018-08-22 21:52,10m,10,1750,8.19,31.24,10.8
HLY1801,LB-12,135,70.1648,-168.1307,2018-08-22 21:52,20m,8,1270,7.23,31.38,20.9
HLY1801,LB-12,135,70.1648,-168.1307,2018-08-22 21:52,30m,6,90,3.06,31.86,29.9
HLY1801,LB-11,136,70.0578,-167.6565,2018-08-22 23:18,Surface,12,5429,9.00,30.73,4.0
HLY1801,LB-11,136,70.0578,-167.6565,2018-08-22 23:18,10m,10,4763,8.99,30.74,11.2
HLY1801,LB-11,136,70.0578,-167.6565,2018-08-22 23:18,20m,8,3660,8.83,30.86,20.4
HLY1801,LB-11,136,70.0578,-167.6565,2018-08-22 23:18,30m,6,45,2.19,32.06,29.6
HLY1801,LB-10,137,69.9567,-167.2213,2018-08-23 01:18,Surface,10,1780,9.19,30.34,4.0
HLY1801,LB-10,137,69.9567,-167.2213,2018-08-23 01:18,10m,8,3666,9.12,30.38,10.9
HLY1801,LB-10,137,69.9567,-167.2213,2018-08-23 01:18,20m,6,3771,8.56,30.78,21.1
HLY1801,LB-10,137,69.9567,-167.2213,2018-08-23 01:18,30m,4,8,4.94,31.85,30.9
HLY1801,LB-9,138,69.879,-166.8215,2018-08-23 02:41,Surface,10,1268,9.25,30.33,4.6
HLY1801,LB-9,138,69.879,-166.8215,2018-08-23 02:41,10m,8,1562,9.25,30.32,10.3
HLY1801,LB-9,138,69.879,-166.8215,2018-08-23 02:41,20m,6,2017,9.25,30.31,21.2
HLY1801,LB-9,138,69.879,-166.8215,2018-08-23 02:41,30m,4,37,5.39,31.67,30.3
HLY1801,LB-8,139,69.7797,-166.44,2018-08-23 04:37,Surface,10,501,9.40,30.37,5.2
HLY1801,LB-8,139,69.7797,-166.44,2018-08-23 04:37,10m,8,390,9.40,30.37,10.1
HLY1801,LB-8,139,69.7797,-166.44,2018-08-23 04:37,20m,6,888,9.14,30.51,20.4
HLY1801,LB-8,139,69.7797,-166.44,2018-08-23 04:37,30m,4,565,7.51,31.33,31.4
HLY1801,LB-7,140,69.6832,-166.0928,2018-08-23 05:48,Surface,10,544,9.20,30.38,3.9
HLY1801,LB-7,140,69.6832,-166.0928,2018-08-23 05:48,10m,8,343,9.20,30.38,10.6
HLY1801,LB-7,140,69.6832,-166.0928,2018-08-23 05:48,20m,6,740,9.20,30.38,20.7
HLY1801,LB-7,140,69.6832,-166.0928,2018-08-23 05:48,30m,4,32,6.64,31.63,31.2
HLY1801,LB-6,141,69.5815,-165.7402,2018-08-23 07:29,Surface,10,2009,9.33,30.41,3.6
HLY1801,LB-6,141,69.5815,-165.7402,2018-08-23 07:29,10m,8,950,9.33,30.42,10.9
HLY1801,LB-6,141,69.5815,-165.7402,2018-08-23 07:29,20m,6,2668,9.29,30.48,20.2
HLY1801,LB-6,141,69.5815,-165.7402,2018-08-23 07:29,30m,4,4188,9.14,30.68,31.2
HLY1801,LB-5,142,69.4962,-165.3785,2018-08-23 08:51,Surface,8,1214,8.68,30.84,4.1
HLY1801,LB-5,142,69.4962,-165.3785,2018-08-23 08:51,10m,6,2133,8.69,30.84,10.1
HLY1801,LB-5,142,69.4962,-165.3785,2018-08-23 08:51,20m,4,2067,8.69,30.84,20.4
HLY1801,LB-5,142,69.4962,-165.3785,2018-08-23 08:51,30m,2,3010,8.64,30.89,30.0
OS19-01,Underway 20:08,,61.2478333,-168.79133,2019-08-04 20:08,Underway,,4,,,
OS19-01,Underway 20:09,,61.2333333,-168.78333,2019-08-04 20:09,Underway,,0,,,
OS19-01,Underway 21:38,,61.4145,-168.603,2019-08-04 21:38,Underway,,0,,,
OS19-01,Underway 01:59,,61.9960167,-168.11087,2019-08-05 01:59,Underway,,1,,,
OS19-01,Underway 16:49,,63.83065,-166.19028,2019-08-05 16:09,Underway,,0,,,
OS19-01,Underway 20:14,,64.2537167,-165.71275,2019-08-05 20:14,Underway,,0,,,
OS19-01,Underway 02:02,,63.3719833,-168.71308,2019-08-06 02:02,Underway,,0,,,
OS19-01,Underway 03:31,,63.4806167,-169.06645,2019-08-06 03:31,Underway,,0,,,
HLY1901,DBO1-1,001,62.0048,-175.0692,2019-08-06 04:44,Surface,11,0,9.67,32.19,5.2
HLY1901,DBO1-2,002,62.0442,-175.2153,2019-08-06 06:57,Surface,12,4,9.63,32.21,2.8
HLY1901,DBO1-3,003,62.2162,-174.8753,2019-08-06 12:06,Underway,,7,9.51,32.15,
HLY1901,DBO1-4,004,62.392,-174.5642,2019-08-06 13:29,Surface,13,77,9.12,32.11,4.5
HLY1901,DBO1-5,005,62.4692,-174.0843,2019-08-06 16:03,Underway,,7,9.32,32.14,
OS19-01,N-1,001,63.294,-168.4248333,2019-08-06 16:13,Surface,12,1,8.95,,2.0
HLY1901,DBO1-6,006,62.5528,-173.5547,2019-08-06 17:37,Surface,11,1,9.40,32.13,5.8
HLY1901,DBO1-7,007,62.7885,-173.4988,2019-08-06 20:13,Underway,,7,9.26,32.18,
HLY1901,DBO1-8,008,63.0345,-173.4617,2019-08-06 21:36,Surface,15,9,9.26,32.20,3.4
HLY1901,DBO1-9,009,63.2768,-173.074,2019-08-07 02:30,Underway,,1,9.06,32.20,
HLY1901,DBO1-10,010,63.6023,-172.5865,2019-08-07 04:34,Underway,,4,10.40,31.83,
HLY1901,Transit-1,,63.8755,-171.8075,2019-08-07 06:30,Underway,,7,9.80,31.85,
HLY1901,Transit-2,,64.11166667,-171.0083333,2019-08-07 08:05,Underway,,13,8.66,30.01,
HLY1901,Transit-3,,64.20983333,-169.4816667,2019-08-07 10:30,Underway,,17,7.04,31.09,
HLY1901,Transit-4,,64.29083333,-168.3236667,2019-08-07 12:35,Underway,,5,11.18,30.86,
OS19-01,N-2,002,64.15833,-171.48183,2019-08-07 14:24,Surface,12,12,9.92,30.37,3.0
HLY1901,Transit-5,,64.36416667,-167.0966667,2019-08-07 14:34,Underway,,0,10.17,31.51,
HLY1901,DBO2-B,012,64.6728,-166.9555,2019-08-08 07:34,Surface,6,0,12.94,27.13,3.1
HLY1901,DBO2-C,013,64.6717,-167.2817,2019-08-08 09:14,Underway,,0,12.91,26.97,
HLY1901,DBO2-D,014,64.6695,-167.597,2019-08-08 10:14,Surface,6,0,9.07,31.62,3.4
HLY1901,DBO2-E,015,64.6705,-167.9062,2019-08-08 11:53,Underway,,0,10.32,31.27,
HLY1901,DBO2-3,016,64.6742,-168.2292,2019-08-08 13:06,Surface,8,0,10.77,30.73,3.6
HLY1901,DBO2-F,017,64.6722,-168.6845,2019-08-08 15:13,Underway,,5,6.20,32.25,
OS19-01,N-3,005,64.38917,-167.076,2019-08-08 16:16,Surface,6,1,10.45,31.53,2.0
HLY1901,DBO2-2,018,64.6815,-169.0872,2019-08-08 16:35,Surface,8,2,5.33,32.46,3.5
HLY1901,DBO2-G,019,64.6707,-169.4982,2019-08-08 18:42,Underway,,8,7.95,30.97,
HLY1901,DBO2-1,020,64.6723,-169.9172,2019-08-08 20:29,Surface,8,5,5.64,31.93,3.0
HLY1901,DBO2-H,021,64.6762,-170.2585,2019-08-08 22:34,Underway,,24,2.73,32.51,
HLY1901,DBO2-0,022,64.6718,-170.646,2019-08-08 23:42,Surface,8,3,2.61,32.85,3.0
HLY1901,DBO2-4,023,64.9623,-169.8977,2019-08-09 02:48,Surface,8,10,5.02,32.78,3.1
HLY1901,DBO2-5,024,64.993,-169.1325,2019-08-09 05:42,Surface,8,37,4.25,32.92,2.9
HLY1901,DBO2-7,025,65.003,-168.221,2019-08-09 08:36,Surface,8,6,9.29,31.07,3.2
HLY1901,Transit-6,,65.535,-168.4455,2019-08-09 12:00,Underway,,8,9.77,31.12,
HLY1901,Transit-7,,66.01166667,-168.3843333,2019-08-09 14:00,Underway,,20,9.17,31.10,
HLY1901,Transit-8,,66.54166667,-168.405,2019-08-09 15:54,Underway,,29,10.13,30.62,
HLY1901,Transit-9,,66.85283333,-168.4921667,2019-08-09 17:08,Underway,,101,10.13,31.10,
HLY1901,Transit-10,,66.9365,-168.5175,2019-08-09 17:27,Underway,,1175,10.08,31.09,
HLY1901,Transit-12,,67.72166667,-168.7421,2019-08-09 20:37,Underway,,8222,6.41,32.81,
HLY1901,Mooring1,026,68.0303,-168.8223,2019-08-09 22:14,Surface,7,615,5.98,32.93,2.9
HLY1901,Transit-13,,67.949,-168.8688667,2019-08-10 01:02,Underway,,519,5.84,32.95,
HLY1901,Transit-14,,67.75373333,-168.9218667,2019-08-10 01:50,Underway,,957,6.93,32.83,
HLY1901,DBO3-8,027,67.6745,-168.939,2019-08-10 02:29,Surface,12,1528,6.45,32.86,3.1
HLY1901,DBO3-7,028,67.7812,-168.6063,2019-08-10 06:12,Surface,8,4225,6.54,32.76,3.1
HLY1901,DBO3-6,029,67.8933,-168.2302,2019-08-10 08:15,Surface,11,892,6.58,32.77,2.8
HLY1901,DBO3-5,030,68.0117,-167.8857,2019-08-10 12:04,Surface,8,41,7.79,32.45,3.0
HLY1901,DBO3-4,031,68.1297,-167.4898,2019-08-10 14:08,Surface,8,1354,8.00,32.27,2.4
HLY1901,DBO3-3,032,68.185,-167.3017,2019-08-10 15:36,Surface,8,1344,8.90,32.05,3.6
OS19-01,N-5,008,67.54083,-164.8945,2019-08-10 15:51,Surface,12,57,11.35,29.90,2.0
HLY1901,DBO3-2,033,68.2432,-167.1383,2019-08-10 17:04,Surface,7,153,10.27,31.15,2.9
HLY1901,DBO3-1,034,68.3028,-166.9432,2019-08-10 18:53,Surface,6,8,12.64,29.00,3.3
HLY1901,Transit-15,,68.50133333,-167.1411667,2019-08-10 20:39,Underway,,13,12.77,28.14,
HLY1901,Transit-16,,68.78636667,-166.90265,2019-08-10 21:55,Underway,,1,12.07,28.58,
HLY1901,Transit-17,,69.08116667,-166.6479833,2019-08-10 23:11,Underway,,6,12.28,28.73,
HLY1901,Transit-18,,69.37583333,-166.2288333,2019-08-11 00:35,Underway,,0,11.81,29.12,
OS19-01,CK-12,009,67.910835,-168.19467,2019-08-11 01:00,Surface,12,507,7.35,32.74,2.0
HLY1901,Transit-19,,69.6705,-165.7413667,2019-08-11 02:00,Underway,,13,11.48,29.39,
HLY1901,Transit-20,,69.91166667,-165.3403333,2019-08-11 03:08,Underway,,24,10.58,30.38,
HLY1901,Transit-21,,70.18033333,-164.8848333,2019-08-11 04:23,Underway,,110,10.34,30.44,
HLY1901,Transit-22,,70.45966667,-164.0406667,2019-08-11 06:00,Underway,,25,10.83,30.39,
HLY1901,Transit-23,,70.66166667,-163.1225,2019-08-11 07:25,Underway,,221,10.43,31.00,
HLY1901,Transit-24,,70.91616667,-161.9883333,2019-08-11 09:15,Underway,,32,8.57,31.50,
HLY1901,DBO4-1N,035,71.0852,-161.2008,2019-08-11 10:41,Surface,9,4,7.19,29.21,2.8
HLY1901,DBO4-2N,036,71.2232,-161.2785,2019-08-11 12:46,Surface,12,2,6.58,29.35,2.9
OS19-01,N-6,010,68.6725,-167.74234,2019-08-11 14:04,Surface,11,73,9.53,31.90,2.0
HLY1901,DBO4-3N,037,71.3457,-161.3978,2019-08-11 16:03,Surface,7,0,6.91,29.63,3.5
HLY1901,DBO4-4N,038,71.4793,-161.4993,2019-08-11 18:32,Surface,9,0,6.40,29.67,3.0
OS19-01,N-6,011,68.673,-167.74733,2019-08-11 19:37,Surface,12,67,9.46,31.95,2.0
HLY1901,DBO4-5N,039,71.6047,-161.6253,2019-08-11 22:17,Surface,8,0,6.50,29.91,3.4
HLY1901,DBO4-6N,040,71.7375,-161.7335,2019-08-11 23:58,Surface,8,2,6.23,29.90,4.7
HLY1901,NNE-7,041,72.898,-160.8428,2019-08-12 07:55,Surface,5,8,5.11,29.10,3.0
HLY1901,NNE-9,043,73.0177,-160.6458,2019-08-12 10:00,Surface,7,6,5.63,28.91,2.4
HLY1901,NNE-11,045,73.137,-160.4497,2019-08-12 12:35,Surface,12,14,4.69,30.09,2.8
OS19-01,CK-10,013,70.218666,-167.79483,2019-08-12 14:05,Surface,12,12,9.69,30.50,2.0
HLY1901,NNE-13,047,73.2592,-160.2483,2019-08-12 16:15,Surface,13,29,5.29,28.79,4.3
OS19-01,CK-11,014,70.017166,-166.8655,2019-08-12 17:36,Surface,12,37,11.27,29.26,2.0
HLY1901,NNE-15,049,73.3805,-160.0643,2019-08-12 20:21,Surface,14,7,3.56,27.60,3.3
HLY1901,NNE-19,053,73.6775,-159.5202,2019-08-13 06:19,Surface,13,18,3.05,27.49,2.7
HLY1901,NNE-20,054,73.7988,-159.2962,2019-08-13 08:02,Surface,24,67,4.29,28.25,2.4
HLY1901,BL-10,055,73.9405,-159.7517,2019-08-13 11:56,Surface,14,7,3.16,28.31,2.8
OS19-01,CK-03,015,71.82716,-166.05,2019-08-13 14:10,Surface,12,6,8.99,30.05,2.0
HLY1901,BL-7,058,74.1757,-160.6078,2019-08-13 15:47,Surface,13,0,3.97,28.44,3.1
OS19-01,IC-1,016,71.82567,-165.98384,2019-08-13 16:36,Surface,8,0,8.99,30.11,2.0
OS19-01,IC-10,017,71.707,-165.60767,2019-08-13 19:02,Surface,12,3,8.93,30.48,2.0
OS19-01,IC-9,018,71.60603,-165.30513,2019-08-13 20:22,Surface,12,0,8.82,30.64,2.0
HLY1901,BL-5,060,74.3447,-161.1765,2019-08-13 21:54,Surface,14,1,3.25,28.03,6.0
OS19-01,IC-8,019,71.45153,-164.9233,2019-08-13 22:13,Surface,8,4,8.53,29.86,2.0
OS19-01,IC-7,020,71.342964,-164.61781,2019-08-13 23:43,Surface,12,5,8.31,29.58,2.0
OS19-01,C-2,021,71.2162,-164.25798,2019-08-14 01:32,Surface,10,0,8.46,30.26,2.0
HLY1901,BL-1,064,74.6742,-162.3463,2019-08-14 04:21,Surface,13,0,3.90,28.34,3.9
HLY1901,W-3,067,74.6147,-163.3185,2019-08-14 08:24,Surface,13,3,4.74,29.61,3.1
HLY1901,W-7,071,74.355,-164.6605,2019-08-14 13:06,Surface,14,131,5.30,29.35,3.9
OS19-01,IC-6,023,71.200165,-164.20967,2019-08-14 15:22,Surface,10,9,8.65,30.44,4.0
HLY1901,W-9,073,74.2202,-165.3528,2019-08-14 15:36,Surface,13,32,4.78,28.95,4.3
OS19-01,IC-5,024,71.089836,-163.79866,2019-08-14 17:06,Surface,11,6,8.41,30.43,3.0
OS19-01,IC-4,025,70.97483,-163.56366,2019-08-14 18:41,Surface,12,15,8.36,30.32,3.0
OS19-01,IC-3,026,70.853,-163.18317,2019-08-14 20:24,Surface,12,93,9.05,31.17,3.0
OS19-01,IC-2,027,70.7225,-162.85083,2019-08-14 22:17,Surface,8,181,11.01,30.10,3.0
OS19-01,IC-1,028,70.583336,-162.4861,2019-08-14 23:53,Surface,12,63,10.64,30.33,3.0
OS19-01,CK-14,029,70.706,-162.44687,2019-08-15 01:22,Surface,8,68,10.96,30.17,3.0
HLY1901,W-11,078,74.2867,-165.0048,2019-08-15 09:32,Surface,10,23,5.79,29.42,3.0
HLY1901,W-13,080,74.1573,-165.6782,2019-08-15 11:32,Surface,8,6,3.86,28.40,3.0
OS19-01,IC-1,030,70.84237,-163.12099,2019-08-15 14:11,Surface,11,202,10.25,30.45,3.0
HLY1901,W-15,082,73.9707,-166.0023,2019-08-15 15:10,Surface,7,1,4.94,29.10,3.5
HLY1901,W-17,084,73.7435,-166.004,2019-08-15 18:45,Surface,9,4,4.40,27.54,3.1
HLY1901,W-19,086,73.521,-166.0057,2019-08-15 22:38,Surface,8,6,4.36,26.95,3.7
HLY1901,DBO5-10,087,71.618,-157.9172,2019-08-16 17:56,Surface,9,1,6.04,29.82,3.3
HLY1901,DBO5-9,088,71.5742,-157.8047,2019-08-16 19:41,Surface,10,0,6.37,29.80,3.2
HLY1901,DBO5-8,089,71.5343,-157.7352,2019-08-16 21:31,Surface,9,5,6.33,29.68,3.4
HLY1901,DBO5-7,090,71.4938,-157.6458,2019-08-16 23:14,Surface,10,2,6.69,29.64,4.5
HLY1901,DBO5-5,092,71.4047,-157.4598,2019-08-17 02:38,Surface,11,3,6.83,29.51,3.5
HLY1901,DBO5-4,093,71.3717,-157.3893,2019-08-17 04:44,Surface,10,19,6.61,29.42,4.6
HLY1901,DBO5-3,094,71.3242,-157.3215,2019-08-17 06:40,Surface,10,585,9.67,32.20,4.8
HLY1901,DBO5-2,095,71.289,-157.2193,2019-08-17 08:36,Surface,8,713,9.33,31.01,4.1
HLY1901,DBO5-1,096,71.251,-157.1557,2019-08-17 09:48,Surface,7,610,9.22,31.06,3.7
HLY1901,BCW-1,097,72.4722,-155.4207,2019-08-18 01:01,Surface,13,112,4.41,28.30,3.3
OS19-01,CK-1,031,70.83567,-163.123,2019-08-18 15:26,Surface,12,822,9.68,30.93,2.0
OS19-01,CK-2,032,71.2145,-164.2575,2019-08-18 22:18,Surface,12,5,8.81,30.69,2.0
HLY1901,BCW-10,099,71.9082,-156.1932,2019-08-19 03:48,Surface,9,19,6.19,30.23,3.3
HLY1901,BCW-8,101,72.0308,-156.028,2019-08-19 05:55,Surface,12,27,6.05,30.35,3.0
HLY1901,BCW-6,103,72.1557,-155.8478,2019-08-19 08:25,Surface,12,13,6.04,30.32,3.9
HLY1901,BCW-3,106,72.3473,-155.6042,2019-08-19 12:47,Surface,13,133,6.35,29.51,3.1
OS19-01,CEO,033,71.6,-161.5155,2019-08-19 14:06,Surface,12,2,6.56,29.88,2.0
OS19-01,CEO,034,71.59634,-161.51534,2019-08-19 16:31,Surface,12,0,6.49,29.86,2.0
OS19-01,CK-04,035,71.04643,-160.49507,2019-08-19 21:17,Surface,12,2,6.56,29.40,2.0
HLY1901,BCE-1,107,71.5357,-154.0313,2019-08-20 02:34,Surface,7,730,8.37,30.50,3.6
HLY1901,BCE-2,108,71.5957,-153.9502,2019-08-20 03:48,Surface,4,1154,8.41,30.44,3.2
OS19-01,CK-05,036,71.20617,-158.01517,2019-08-20 04:02,Surface,12,200,9.35,30.78,2.0
HLY1901,BCE-3,109,71.6498,-153.8398,2019-08-20 04:30,Surface,8,990,8.61,30.47,3.3
HLY1901,BCE-4,110,71.7147,-153.7393,2019-08-20 05:43,Surface,4,259,8.66,30.54,3.6
HLY1901,BCE-5,111,71.7815,-153.63,2019-08-20 06:38,Surface,11,796,8.35,30.65,3.0
HLY1901,BCE-6,112,71.8387,-153.5562,2019-08-20 08:19,Surface,6,177,7.30,29.99,2.9
HLY1901,BCE-7,113,71.8928,-153.459,2019-08-20 09:08,Surface,13,28,6.60,30.30,3.2
HLY1901,BCE-8,114,71.9517,-153.3652,2019-08-20 10:13,Surface,5,7,6.30,30.40,3.2
HLY1901,BCE-9,115,72.0202,-153.2562,2019-08-20 11:08,Surface,13,21,6.53,30.25,4.0
OS19-01,BFA-8,037,71.87883,-153.58083,2019-08-20 17:40,Surface,12,76,6.77,29.67,2.0
OS19-01,BFA-6,038,71.7095,-153.7505,2019-08-20 20:25,Surface,12,163,8.46,30.58,2.0
HLY1901,Helo-stop,,71.86083333,-153.9415,2019-08-20 22:30,Underway,,47,6.85,29.70,
OS19-01,BFA-4,039,71.50317,-154.10217,2019-08-20 23:35,Surface,11,146,8.60,30.58,3.0
OS19-01,BFA-3,040,71.4285,-154.23866,2019-08-21 00:33,Surface,11,539,8.42,30.49,2.0
HLY1901,Transit-25,,71.86766667,-154.6635,2019-08-21 00:45,Underway,,50,6.81,29.79,
HLY1901,Transit-26,,71.89783333,-156.295,2019-08-21 02:59,Underway,,45,6.10,30.03,
HLY1901,Transit-27,,71.8025,-157.6531667,2019-08-21 04:50,Underway,,6,5.56,0.19,
HLY1901,Transit-28,,71.6535,-158.9925,2019-08-21 06:45,Underway,,1,5.77,29.41,
HLY1901,Transit-29,,71.46166667,-160.7086667,2019-08-21 08:50,Underway,,3,6.01,29.30,
HLY1901,Transit-30,,71.3075,-162.0726667,2019-08-21 10:55,Underway,,5,7.08,29.40,
HLY1901,Transit-31,,71.14966667,-163.4673333,2019-08-21 13:03,Underway,,8,7.97,29.31,
HLY1901,Transit-32,,70.97066667,-164.7921667,2019-08-21 15:02,Underway,,55,8.67,31.10,
HLY1901,Transit-33,,70.77633333,-166.0885,2019-08-21 17:02,Underway,,1130,10.61,29.61,
HLY1901,Transit-34,,70.66666667,-166.8171667,2019-08-21 18:09,Underway,,472,10.89,29.48,
HLY1901,Transit-35,,70.55833333,-167.3641667,2019-08-21 19:03,Underway,,375,10.41,29.88,
HLY1901,Transit-36,,70.41,-167.9495,2019-08-21 20:05,Underway,,555,10.15,30.31,
HLY1901,LB-13,116,70.2613,-168.5183,2019-08-21 21:16,Surface,7,154,9.26,31.65,3.2
HLY1901,LB-13,116,70.2613,-168.5183,2019-08-21 21:16,10m,5,26,9.09,31.90,10.0
HLY1901,LB-13,116,70.2613,-168.5183,2019-08-21 21:16,20m,4,16,6.01,32.35,20.0
HLY1901,LB-13,116,70.2613,-168.5183,2019-08-21 21:16,Bottom,2,1,0.20,32.37,42.0
HLY1901,LB-12,117,70.1705,-168.1275,2019-08-21 22:34,Surface,8,369,9.82,30.59,3.0
HLY1901,LB-12,117,70.1705,-168.1275,2019-08-21 22:34,10m,6,232,9.35,31.09,10.0
HLY1901,LB-12,117,70.1705,-168.1275,2019-08-21 22:34,20m,5,12,5.77,32.34,20.2
HLY1901,LB-12,117,70.1705,-168.1275,2019-08-21 22:34,Bottom,2,6,1.46,32.39,45.8
HLY1901,LB-11,118,70.0582,-167.6458,2019-08-22 00:39,Surface,8,25,10.37,30.49,3.4
HLY1901,LB-11,118,70.0582,-167.6458,2019-08-22 00:39,10m,6,53,10.37,30.50,10.1
HLY1901,LB-11,118,70.0582,-167.6458,2019-08-22 00:39,20m,5,2,8.83,31.54,20.1
HLY1901,LB-11,118,70.0582,-167.6458,2019-08-22 00:39,Bottom,2,0,5.77,32.42,48.0
HLY1901,LB-10,119,69.9595,-167.2257,2019-08-22 01:59,Surface,7,24,10.15,30.41,3.0
HLY1901,LB-10,119,69.9595,-167.2257,2019-08-22 01:59,10m,5,139,9.31,31.29,10.1
HLY1901,LB-10,119,69.9595,-167.2257,2019-08-22 01:59,20m,4,1,8.17,32.00,20.3
HLY1901,LB-10,119,69.9595,-167.2257,2019-08-22 01:59,Bottom,2,0,5.64,32.45,46.4
OS19-01,Underway 02:37,,70.1922833,-164.51067,2019-08-22 02:37,Underway,,155,10.98,29.58,0.0
HLY1901,LB-9,120,69.883,-166.8177,2019-08-22 03:42,Surface,7,0,10.94,29.34,3.2
HLY1901,LB-9,120,69.883,-166.8177,2019-08-22 03:42,10m,5,16,8.95,31.73,10.3
HLY1901,LB-9,120,69.883,-166.8177,2019-08-22 03:42,20m,4,0,7.76,32.02,20.3
HLY1901,LB-9,120,69.883,-166.8177,2019-08-22 03:42,Bottom,2,3,5.92,32.43,45.4
HLY1901,LB-8,121,69.785,-166.452,2019-08-22 04:57,Surface,7,1,11.47,28.96,3.2
HLY1901,LB-8,121,69.785,-166.452,2019-08-22 04:57,10m,5,2,11.42,28.93,10.2
HLY1901,LB-8,121,69.785,-166.452,2019-08-22 04:57,20m,4,1,9.91,30.82,20.3
HLY1901,LB-8,121,69.785,-166.452,2019-08-22 04:57,Bottom,2,0,6.42,32.34,43.9
HLY1901,LB-7,122,69.6875,-166.094,2019-08-22 06:40,Surface,7,0,11.48,28.89,3.2
HLY1901,LB-7,122,69.6875,-166.094,2019-08-22 06:40,10m,5,1,11.50,28.90,10.1
HLY1901,LB-7,122,69.6875,-166.094,2019-08-22 06:40,20m,4,0,11.49,29.04,20.4
HLY1901,LB-7,122,69.6875,-166.094,2019-08-22 06:40,Bottom,2,0,7.50,32.05,40.6
HLY1901,LB-6,123,69.584,-165.7427,2019-08-22 07:51,Surface,7,1,11.26,29.00,3.3
HLY1901,LB-6,123,69.584,-165.7427,2019-08-22 07:51,10m,5,7,11.27,29.00,10.4
HLY1901,LB-6,123,69.584,-165.7427,2019-08-22 07:51,20m,4,2,11.23,29.93,20.3
HLY1901,LB-6,123,69.584,-165.7427,2019-08-22 07:51,Bottom,2,0,8.28,31.53,36.6
HLY1901,LB-5,124,69.5012,-165.3765,2019-08-22 09:25,Surface,6,4,11.54,28.85,3.3
HLY1901,LB-5,124,69.5012,-165.3765,2019-08-22 09:25,10m,4,1,11.55,28.85,10.4
HLY1901,LB-5,124,69.5012,-165.3765,2019-08-22 09:25,20m,5,1,,,
HLY1901,LB-5,124,69.5012,-165.3765,2019-08-22 09:25,Bottom,2,0,9.02,31.18,32.6
HLY1901,Transit-37,,69.359,-166.6506667,2019-08-22 11:30,Underway,,1,9.49,31.17,
HLY1901,Transit-38,,69.07116667,-167.2638333,2019-08-22 13:20,Underway,,2,9.49,31.17,
HLY1901,Transit-39,,68.76233333,-167.9241667,2019-08-22 14:48,Underway,,1,9.49,31.17,
OS19-01,Underway 15:57,,68.4875833,-167.48833,2019-08-22 15:57,Underway,,2,10.95,29.68,
HLY1901,Transit-40,,68.408,-168.3705,2019-08-22 16:24,Underway,,38,9.49,31.17,
HLY1901,Transit-41,,68.075,-168.7856667,2019-08-22 17:53,Underway,,77,9.49,31.17,
OS19-01,Underway 18:22,,68.1726,-167.99145,2019-08-22 18:22,Underway,,15,10.23,30.79,
HLY1901,Transit-42,,67.88366667,-168.9293333,2019-08-22 19:22,Underway,,70,9.49,31.17,
HLY1901,Transit-43,,67.6295,-168.8373333,2019-08-22 20:25,Underway,,33,9.49,31.17,
OS19-01,Underway 21:06,,67.82145,-168.52122,2019-08-22 21:06,Underway,,89,6.65,32.39,
OS19-01,Underway 21:15,,67.8034667,-168.54508,2019-08-22 21:15,Underway,,58,5.58,32.75,
HLY1901,Transit-44,,67.2336,-168.70667,2019-08-22 22:02,Underway,,3,9.49,31.17,
OS19-01,NN-6,041,67.6695,-168.73816,2019-08-22 22:47,Surface,12,9,5.78,32.51,3.0
OS19-01,Underway 02:08,,67.3172,-168.64468,2019-08-23 02:08,Underway,,2,9.18,30.93,
OS19-01,Underway 05:38,,66.8029167,-168.55442,2019-08-23 05:38,Underway,,0,11.47,28.72,
OS19-01,Underway 15:23,,65.0820167,-167.50418,2019-08-23 15:23,Underway,,0,11.24,28.53,
OS19-01,Underway 20:43,,64.7540667,-166.83743,2019-08-23 20:43,Underway,,0,12.38,26.77,
OS19-01,Underway 18:52,,69.7149333,-166.94582,2019-08-26 18:52,Underway,,2,10.24,29.79,
OS19-01,Underway 23:25,,70.2703333,-166.99018,2019-08-26 23:25,Underway,,1743,9.99,30.68,
OS19-01,CHNO1,042,72.499,-168.5021667,2019-08-27 00:00,Surface,,85,,,
OS19-01,CHNO2,043,72.5005,-166.81583,2019-08-28 00:19,Surface,12,64,6.96,31.31,2.0
OS19-01,CHNO3,044,72.50017,-165.18433,2019-08-28 15:07,Surface,12,232,6.17,29.72,3.0
OS19-01,CHNO4,045,72.49983,-163.49817,2019-08-28 23:06,Surface,12,275,5.25,27.68,3.0
OS19-01,CHN05,046,72.501335,-161.90767,2019-08-29 15:00,Surface,12,635,5.57,29.36,3.0
OS19-01,CHNO6,047,72.49817,-160.20366,2019-08-29 22:03,Surface,12,12,4.63,29.56,3.0
OS19-01,CHNO6.7,048,72.7685,-159.63533,2019-08-30 14:59,Surface,12,5,5.05,29.06,2.0
OS19-01,CHN06.5,049,72.896835,-159.34067,2019-08-30 19:59,Surface,12,15,4.68,28.67,2.0
OS19-01,CHO07,050,73.104836,-158.9395,2019-08-31 01:38,Surface,10,27,4.03,28.15,10.0
OS19-01,CHMO8.7,052,72.3705,-157.16766,2019-08-31 19:37,Surface,12,57,3.25,27.15,2.0
OS19-01,CHN08,053,72.25362,-157.41747,2019-09-01 01:12,Surface,12,95,4.88,28.58,3.0
OS19-01,CHM08.5,053,72.25362,-157.41747,2019-09-01 01:12,Surface,12,42,4.88,28.58,3.0
OS19-01,CHK08,054,71.00117,-157.80183,2019-09-02 01:13,Surface,10,4,7.51,31.48,2.0
OS19-01,CHK07,055,71.00083,-159.293,2019-09-02 19:36,Surface,12,72,7.73,30.56,3.0
OS19-01,CHK06,056,71.001335,-160.787,2019-09-03 15:02,Surface,12,22,7.25,30.20,2.0
OS19-01,CHK05,057,70.99934,-162.39317,2019-09-03 21:05,Surface,12,2590,9.09,30.45,3.0
OS19-01,CHK04,058,71.00183,-163.90334,2019-09-04 15:05,Surface,12,333,8.72,30.23,2.0
OS19-01,CHK03,059,71.00117,-165.40266,2019-09-04 20:44,Surface,12,561,9.54,29.68,2.0
OS19-01,CHK02,060,71.00117,-167.00433,2019-09-05 15:01,Surface,12,73,9.09,30.69,2.0
OS19-01,CHK01,061,71.00217,-168.504,2019-09-05 20:19,Surface,12,1573,8.73,31.42,2.0
OS19-01,CHLM01,062,71.754166,-168.48883,2019-09-06 14:59,Surface,12,440,8.26,30.95,2.0
OS19-01,CHLM02,063,71.751335,-166.89116,2019-09-06 20:55,Surface,12,1106,9.17,30.15,2.0
OS19-01,CHLM03,064,71.755165,-165.3115,2019-09-07 15:00,Surface,12,301,7.73,31.05,3.0
OS19-01,CHLM04,065,71.74983,-163.69467,2019-09-07 21:19,Surface,12,1691,7.05,30.68,2.0
OS19-01,CHLM05,066,71.751335,-161.9925,2019-09-08 14:58,Surface,12,1,6.02,29.54,2.0
OS19-01,CHLM06,067,71.751,-160.40033,2019-09-08 20:41,Surface,12,0,5.90,29.63,2.0
OS19-01,CHLM07,068,71.75267,-158.79784,2019-09-09 14:56,Surface,12,1,5.19,29.71,2.0
OS19-01,CHLM08,069,71.751,-157.201,2019-09-09 19:22,Surface,12,7,6.52,29.66,2.0
OS19-01,CHIJ04,070,70.25267,-164.09134,2019-09-10 16:01,Surface,12,0,10.70,29.86,2.0
OS19-01,CHIJ03,071,70.24917,-165.489,2019-09-10 21:38,Surface,12,0,10.66,30.35,2.0
OS19-01,CHIJ02,072,70.24834,-166.99716,2019-09-11 14:57,Surface,12,0,9.91,30.69,2.0
OS19-01,CHIJ01,073,70.25117,-168.49933,2019-09-11 22:25,Surface,12,299,8.97,31.70,2.0